"Open","High","Low","Close","Volume","Adjusted"
957.52002,961.619995,950.01001,950.630005,1126000,950.630005
953.640015,960.099976,950.76001,959.450012,1202200,959.450012
958.700012,960.719971,954.549988,957.090027,941400,957.090027
956.830017,966,954.200012,965.590027,1527900,965.590027
969.900024,973.309998,950.789978,952.27002,1598400,952.27002
942.460022,948.289978,926.849976,927.330017,2579900,927.330017
929,942.75,916,940.48999,2721400,940.48999
929.919983,931.26001,910.619995,917.789978,3299200,917.789978
926.049988,926.049988,908.309998,908.72998,2090200,908.72998
912.179993,913.940002,894.789978,898.700012,1709800,898.700012
901.76001,914.51001,898.5,911.710022,1813900,911.710022
904.119995,914.94397,899.700012,906.690002,1424500,906.690002
908.849976,921.539978,908.849976,918.590027,1637800,918.590027
921.77002,930.380005,919.590027,928.799988,1192800,928.799988
929.539978,931.429993,922,930.090027,1113200,930.090027
938.679993,946.299988,934.469971,943.830017,1532100,943.830017
946.289978,954.450012,943.01001,947.159973,1294700,947.159973
952,956.909973,948.005005,955.98999,1053800,955.98999
957,960.73999,949.241028,953.419983,1165500,953.419983
953,968.039978,950.599976,965.400024,1154000,965.400024
967.840027,973.039978,964.030029,970.890015,1224500,970.890015
975,975.900024,961.51001,968.150024,1624500,968.150024
962.25,973.22998,960.150024,972.919983,1711000,972.919983
972.219971,986.200012,970.77002,980.340027,3248300,980.340027
953.809998,959.700012,945.400024,950.700012,4661000,950.700012
954.679993,955,942.278992,947.799988,2088300,947.799988
951.780029,951.780029,920,934.090027,3213000,934.090027
929.400024,943.830017,927.5,941.530029,1846400,941.530029
941.890015,943.590027,926.039978,930.5,1970100,930.5
932.380005,937.447021,929.26001,930.830017,1277700,930.830017
928.609985,932.599976,916.679993,930.390015,1824400,930.390015
930.340027,932.23999,922.23999,923.650024,1202500,923.650024
926.75,930.307007,923.030029,927.960022,1082300,927.960022
929.059998,931.700012,926.5,929.359985,1032200,929.359985
927.090027,935.814026,925.609985,926.789978,1061600,926.789978
920.609985,925.97998,917.25,922.900024,1192100,922.900024
917.549988,919.26001,906.130005,907.23999,1824000,907.23999
907.969971,917.780029,905.580017,914.390015,1206800,914.390015
922.530029,924.66803,918.190002,922.669983,1064500,922.669983
924.22998,926.549988,919.820007,922.219971,883400,922.219971
925.289978,932.700012,923.445007,926.960022,1006700,926.960022
925.780029,926.859985,910.97998,910.97998,1277200,910.97998
910.309998,915.275024,907.153992,910.669983,1342700,910.669983
910,913,903.400024,906.659973,943400,906.659973
912.719971,925.859985,911.474976,924.690002,1166700,924.690002
921.929993,929.929993,919.359985,927,1090200,927
928.659973,930.840027,915.5,921.280029,1270300,921.280029
923.48999,925.554993,915.5,915.890015,1053400,915.890015
916,919.244995,911.869995,913.809998,1086500,913.809998
905.099976,923.330017,905,921.289978,1185600,921.289978
920.049988,930.81897,919.650024,929.570007,1301200,929.570007
931.76001,941.97998,931.76001,939.330017,1582600,939.330017
941.130005,942.47998,935.150024,937.340027,947400,937.340027
933.080017,937,921.960022,928.450012,1326400,928.450012
930.150024,930.914978,919.27002,927.809998,1527700,927.809998
931.72998,936.409973,923.619995,935.950012,1212700,935.950012
936.48999,936.98999,924.880005,926.5,1011500,926.5
934.25,938.380005,926.919983,929.080017,1267000,929.080017
932.590027,933.47998,923.861023,932.070007,1134400,932.070007
930.659973,937.25,929.859985,935.090027,1102600,935.090027
931.25,932.77002,924,925.109985,1397600,925.109985
924.659973,926.48999,916.359985,920.289978,2505400,920.289978
920.01001,922.080017,910.599976,915,1306900,915
917.419983,922.419983,912.549988,921.809998,936700,921.809998
922.97998,933.880005,922,931.580017,1669800,931.580017
933,936.530029,923.830017,932.450012,1290600,932.450012
927.75,934.72998,926.47998,928.530029,1052700,928.530029
925.450012,926.400024,909.700012,920.969971,1856800,920.969971
923.719971,930.820007,921.140015,924.859985,1666900,924.859985
927.73999,949.900024,927.73999,944.48999,2239400,944.48999
941.359985,950.690002,940.549988,949.5,1020300,949.5
952,959.786011,951.51001,959.109985,1581000,959.109985
959.97998,962.539978,947.840027,953.27002,1283400,953.27002
954,958,949.140015,957.789978,888300,957.789978
957,960.390015,950.690002,951.679993,952400,951.679993
955.48999,970.909973,955.179993,969.960022,1213800,969.960022
966.700012,979.460022,963.359985,978.890015,1173900,978.890015
980,985.424988,976.109985,977,891400,977
980,981.570007,966.080017,972.599976,968400,972.599976
973.719971,990.710022,972.25,989.25,1693300,989.25
987.450012,994.119995,985,987.830017,1262400,987.830017
992,997.210022,989,989.679993,1169800,989.679993
992.099976,993.906982,984,992,910500,992
990.289978,996.440002,988.590027,992.179993,1290200,992.179993
991.77002,996.719971,986.974976,992.809998,1057600,992.809998
986,988.880005,978.390015,984.450012,1313600,984.450012
989.440002,991,984.580017,988.200012,1183200,988.200012
989.52002,989.52002,966.119995,968.450012,1478400,968.450012
970,972.22998,961,970.539978,1212200,970.539978
968.369995,976.090027,960.52002,973.330017,1211300,973.330017
980,987.599976,972.200012,972.559998,2042100,972.559998
1009.190002,1048.390015,1008.200012,1019.27002,5167700,1019.27002
1014,1024.969971,1007.5,1017.109985,2085100,1017.109985
1015.219971,1024,1010.419983,1016.640015,1330700,1016.640015
1017.210022,1029.670044,1016.950012,1025.5,1373400,1025.5
1021.76001,1028.089966,1013.01001,1025.579956,1049000,1025.579956
1022.109985,1032.650024,1020.309998,1032.47998,1076400,1032.47998
1028.98999,1034.869995,1025,1025.900024,1125200,1025.900024
1027.27002,1033.969971,1025.130005,1033.329956,1112300,1033.329956
1030.52002,1043.521973,1028.449951,1039.849976,1088700,1039.849976
1033.98999,1033.98999,1019.666016,1031.26001,1245200,1031.26001
1026.459961,1030.76001,1025.280029,1028.069946,720000,1028.069946
1023.419983,1031.579956,1022.570007,1025.75,885800,1025.75
1022.590027,1026.810059,1014.150024,1026,959200,1026
1019.210022,1024.089966,1015.419983,1020.909973,854000,1020.909973
1022.52002,1035.920044,1022.52002,1032.5,1129700,1032.5
1034.01001,1034.420044,1017.75,1019.090027,1397100,1019.090027
1020.26001,1022.609985,1017.5,1018.380005,953500,1018.380005
1023.309998,1035.109985,1022.655029,1034.48999,1097000,1034.48999
1035,1039.706055,1031.430054,1035.959961,746300,1035.959961
1035.869995,1043.177979,1035,1040.609985,537000,1040.609985
1040,1055.459961,1038.439941,1054.209961,1307900,1054.209961
1055.089966,1062.375,1040,1047.410034,1424400,1047.410034
1042.680054,1044.079956,1015.650024,1021.659973,2459400,1021.659973
1022.369995,1028.48999,1015,1021.409973,1724000,1021.409973
1015.799988,1022.48999,1002.02002,1010.169983,1909600,1010.169983
1012.659973,1016.099976,995.570007,998.679993,1906400,998.679993
995.940002,1020.609985,988.280029,1005.150024,2067300,1005.150024
1001.5,1024.969971,1001.140015,1018.380005,1272000,1018.380005
1020.429993,1034.23999,1018.070984,1030.930054,1458200,1030.930054
1037.48999,1042.050049,1032.521973,1037.050049,1290800,1037.050049
1035.5,1043.800049,1032.050049,1041.099976,1192800,1041.099976
1039.630005,1050.310059,1033.689941,1040.47998,1279500,1040.47998
1046.119995,1046.665039,1038.380005,1040.609985,1282700,1040.609985
1045,1058.5,1043.109985,1049.150024,1558700,1049.150024
1054.609985,1067.619995,1049.5,1064.189941,3275900,1064.189941
1066.079956,1078.48999,1062,1077.140015,1554600,1077.140015
1075.199951,1076.839966,1063.550049,1070.680054,1338700,1070.680054
1071.780029,1073.380005,1061.52002,1064.949951,1268600,1064.949951
1064.949951,1069.329956,1061.793945,1063.630005,995700,1063.630005
1061.109985,1064.199951,1059.439941,1060.119995,755100,1060.119995
1058.069946,1060.119995,1050.199951,1056.73999,760600,1056.73999
1057.390015,1058.369995,1048.050049,1049.369995,1271900,1049.369995
1051.599976,1054.75,1044.77002,1048.140015,837100,1048.140015
1046.719971,1049.699951,1044.900024,1046.400024,887500,1046.400024
1048.339966,1066.939941,1045.22998,1065,1237600,1065
1064.310059,1086.290039,1063.209961,1082.47998,1430200,1082.47998
1088,1093.569946,1084.001953,1086.400024,1004600,1086.400024
1094,1104.25,1092,1102.22998,1279100,1102.22998
1102.22998,1111.27002,1101.619995,1106.939941,1047600,1106.939941
1109.400024,1110.569946,1101.230957,1106.26001,902500,1106.26001
1097.099976,1104.599976,1096.109985,1102.609985,1042800,1102.609985
1106.300049,1106.525024,1099.589966,1105.52002,978300,1105.52002
1102.410034,1124.290039,1101.150024,1122.26001,1720500,1122.26001
1132.51001,1139.910034,1117.832031,1121.76001,1575300,1121.76001
1126.219971,1132.599976,1117.01001,1131.97998,1202600,1131.97998
1131.410034,1132.51001,1117.5,1129.790039,1198200,1129.790039
1131.829956,1137.859985,1128.300049,1137.51001,1778200,1137.51001
1137.48999,1159.880005,1135.109985,1155.810059,1618000,1155.810059
1159.849976,1171.626953,1158.75,1169.969971,1333100,1169.969971
1177.329956,1179.859985,1161.050049,1164.23999,1416600,1164.23999
1172.530029,1175.939941,1162.76001,1170.369995,1480500,1170.369995
1175.079956,1175.839966,1158.109985,1175.839966,2018800,1175.839966
1176.47998,1186.890015,1171.97998,1175.579956,1378900,1175.579956
1167.829956,1176.52002,1163.52002,1163.689941,1556300,1163.689941
1170.569946,1173,1159.130005,1169.939941,1538700,1169.939941
1162.609985,1174,1157.52002,1167.699951,2412100,1167.699951
1122,1123.069946,1107.277954,1111.900024,4857900,1111.900024
1090.599976,1110,1052.030029,1055.800049,3798300,1055.800049
1027.180054,1081.709961,1023.137024,1080.599976,3448000,1080.599976
1081.540039,1081.780029,1048.26001,1048.579956,2369200,1048.579956
1055.410034,1058.619995,1000.659973,1001.52002,2859100,1001.52002
1017.25,1043.969971,992.559998,1037.780029,3505900,1037.780029
1048,1061.5,1040.927979,1051.939941,2057700,1051.939941
1045,1058.369995,1044.087036,1052.099976,1265100,1052.099976
1048.949951,1071.719971,1046.75,1069.699951,1555800,1069.699951
1079.069946,1091.479004,1064.339966,1089.52002,1843400,1089.52002
1088.410034,1104.670044,1088.312988,1094.800049,1679500,1094.800049
1090.569946,1113.949951,1088.52002,1102.459961,1423100,1102.459961
1106.469971,1133.969971,1106.329956,1111.339966,1512900,1111.339966
1116.189941,1122.819946,1102.589966,1106.630005,1317200,1106.630005
1112.640015,1127.280029,1104.713989,1126.790039,1261000,1126.790039
1127.800049,1143.959961,1126.694946,1143.75,1559100,1143.75
1141.23999,1144.040039,1118,1118.290039,1774100,1118.290039
1123.030029,1127.530029,1103.23999,1104.72998,1882600,1104.72998
1107.869995,1110.119995,1067.000977,1069.52002,2515900,1069.52002
1053.079956,1081.999023,1048.11499,1078.920044,2271600,1078.920044
1075.140015,1097.099976,1069,1090.930054,1202200,1090.930054
1099.219971,1101.849976,1089.775024,1095.060059,1532800,1095.060059
1089.189941,1112.219971,1085.482056,1109.640015,1292500,1109.640015
1115.319946,1127.599976,1112.800049,1126,1355100,1126
1136,1160.800049,1132.46106,1160.040039,2128000,1160.040039
1163.849976,1177.050049,1157.420044,1164.5,2172300,1164.5
1170,1176.76001,1133.329956,1138.170044,1907200,1138.170044
1145.209961,1158.589966,1141.439941,1149.48999,1291400,1149.48999
1149.959961,1161.079956,1134.540039,1149.579956,1395400,1149.579956
1154.140015,1155.880005,1131.959961,1135.72998,3092000,1135.72998
1120.01001,1121.98999,1089.01001,1099.819946,2805900,1099.819946
1099,1105.199951,1083.459961,1097.709961,1831900,1097.709961
1092.73999,1106.300049,1085.150024,1090.880005,1878900,1090.880005
1081.880005,1082.900024,1045.910034,1049.079956,2667000,1049.079956
1047.030029,1063.359985,1021.219971,1021.570007,2156700,1021.570007
1046,1055.630005,1008.400024,1053.209961,2665100,1053.209961
1063,1064.838989,996.919983,1005.099976,3095300,1005.099976
998,1024.22998,980.640015,1004.559998,3369300,1004.559998
1011.630005,1043,1002.900024,1031.790039,2726800,1031.790039
1022.820007,1034.800049,990.369995,1006.469971,2680400,1006.469971
1013.909973,1020.98999,994.070007,1013.409973,2275100,1013.409973
993.409973,1028.718018,993,1025.140015,2484700,1025.140015
1041.329956,1042.790039,1020.130981,1027.810059,1363000,1027.810059
1020,1031.420044,1003.030029,1007.039978,1746400,1007.039978
1016.799988,1039.599976,1014.080017,1015.450012,1751600,1015.450012
1026.439941,1036.280029,1011.340027,1031.640015,1974500,1031.640015
1027.98999,1031.364014,1015.869995,1019.969971,1483900,1019.969971
1025.040039,1040.689941,1021.434998,1032.51001,1357000,1032.51001
1040.880005,1046.420044,1022.97998,1029.27002,1223000,1029.27002
1037,1043.23999,1026.73999,1037.97998,1211200,1037.97998
1051.369995,1077.880005,1048.26001,1074.160034,2320300,1074.160034
1077.430054,1077.430054,1066.224976,1072.079956,1344100,1072.079956
1069.400024,1094.165039,1068.180054,1087.699951,1747700,1087.699951
1082,1092.349976,1069.569946,1072.959961,1889700,1072.959961
1077.859985,1082.719971,1060.699951,1067.449951,2341300,1067.449951
1052,1057,1010.590027,1019.97998,4760300,1019.97998
1025.52002,1032.48999,1015.309998,1021.179993,2391100,1021.179993
1029.51001,1047.97998,1018.190002,1040.040039,2079500,1040.040039
1046,1049.5,1025.589966,1030.050049,1619800,1030.050049
1030.01001,1037,1016.849976,1017.330017,1671300,1017.330017
1013.659973,1038.469971,1008.210022,1037.310059,1427900,1037.310059
1028.099976,1040.389038,1022.869995,1024.380005,1603100,1024.380005
1019,1029.675049,1006.289978,1023.719971,1815100,1023.719971
1016.900024,1048.51001,1016.900024,1048.209961,1938700,1048.209961
1049.22998,1061.680054,1047.099976,1054.790039,1466100,1054.790039
1058.540039,1060.550049,1047.14502,1053.910034,1217700,1053.910034
1058.099976,1085.439941,1056.36499,1082.76001,2032800,1082.76001
1086.030029,1100.439941,1085.640015,1097.569946,1443000,1097.569946
1093.599976,1101.329956,1090.910034,1098.26001,1253700,1098.26001
1100,1110.75,1099.109985,1100.199951,1518100,1100.199951
1090,1090.050049,1073.469971,1079.22998,1494900,1079.22998
1077.310059,1089.27002,1076.26001,1081.77002,1097300,1081.77002
1079.890015,1086.869995,1073.5,1078.589966,1043800,1078.589966
1061.859985,1069.939941,1060.680054,1066.359985,1565200,1066.359985
1074.060059,1088,1073.650024,1079.579956,1023200,1079.579956
1083.560059,1086.589966,1066.689941,1069.72998,1090000,1069.72998
1065.130005,1080.780029,1061.709961,1079.689941,1060700,1079.689941
1079,1080.469971,1066.150024,1079.23999,766800,1079.23999
1079.02002,1082.560059,1073.775024,1075.660034,899400,1075.660034
1064.890015,1073.369995,1055.219971,1060.319946,1865100,1060.319946
1063.030029,1069.209961,1056.829956,1067.800049,1138500,1067.800049
1067.560059,1097.189941,1067.560059,1084.98999,3088300,1084.98999
1099.349976,1120,1098.5,1119.5,2421600,1119.5
1122.329956,1141.890015,1122.005005,1139.290039,1889600,1139.290039
1140.98999,1145.738037,1133.189941,1139.660034,1678000,1139.660034
1142.170044,1143,1125.743042,1136.880005,1698200,1136.880005
1131.319946,1135.819946,1116.52002,1123.859985,1520000,1123.859985
1118.180054,1126.670044,1112.150024,1120.869995,1290800,1120.869995
1118.599976,1137.26001,1118.599976,1129.98999,1079300,1129.98999
1131.069946,1139.790039,1130.734985,1139.319946,912000,1139.319946
1141.119995,1146.5,1133.380005,1134.790039,1506400,1134.790039
1143.849976,1155.469971,1140.640015,1152.119995,1343400,1152.119995
1148.859985,1153.420044,1143.484985,1152.26001,2122500,1152.26001
1143.650024,1174.310059,1143.589966,1173.459961,1413700,1173.459961
1158.5,1171.27002,1154.01001,1168.060059,1621000,1168.060059
1175.310059,1186.286011,1169.160034,1169.839966,1648500,1169.839966
1174.849976,1177.295044,1152.232056,1157.660034,1238100,1157.660034
1159.140015,1162.496948,1147.26001,1155.47998,1311000,1155.47998
1143.599976,1143.910034,1112.780029,1124.810059,2157300,1124.810059
1128,1133.209961,1116.659058,1118.459961,1563200,1118.459961
1121.339966,1131.83606,1103.619995,1103.97998,1293900,1103.97998
1102.089966,1122.310059,1096.01001,1114.219971,1072400,1114.219971
1120,1128.227051,1115,1115.650024,1315100,1115.650024
1099,1128,1093.800049,1127.459961,1217300,1127.459961
1135.819946,1135.819946,1100.02002,1102.890015,679000,1102.890015
1110.530029,1127.5,1108.47998,1124.27002,1066700,1124.27002
1123.579956,1140.930054,1120.737061,1140.170044,996100,1140.170044
1148.47998,1154.670044,1143.420044,1154.050049,909000,1154.050049
1156.97998,1159.589966,1149.589966,1152.839966,798400,1152.839966
1144.589966,1164.290039,1141,1153.900024,1120000,1153.900024
1159.890015,1184.410034,1155.935059,1183.47998,1251900,1183.47998
1185,1195.416992,1180,1188.819946,1221900,1188.819946
1189.390015,1191,1179.280029,1183.859985,1055700,1183.859985
1172.219971,1203.040039,1170.599976,1198.800049,1610400,1198.800049
1196.560059,1204.5,1190.339966,1195.880005,1393600,1195.880005
1191,1200,1183.319946,1186.959961,1276700,1186.959961
1186.959961,1196.859985,1184.219971,1184.910034,1247400,1184.910034
1181.01001,1206.48999,1181,1205.5,2619200,1205.5
1262.589966,1266,1235.560059,1248.079956,3318200,1248.079956
1239.130005,1265.859985,1239.130005,1263.699951,2127800,1263.699951
1251,1269.770996,1249.02002,1268.329956,2405600,1268.329956
1271,1273.890015,1231,1238.5,2130600,1238.5
1228.01001,1234.916016,1211.469971,1219.73999,1849900,1219.73999
1220.01001,1227.588013,1205.599976,1217.26001,1644700,1217.26001
1228,1233.469971,1210.209961,1220.01001,1567200,1220.01001
1205.900024,1229.880005,1204.790039,1226.150024,1531300,1226.150024
1229.619995,1230,1215.060059,1223.709961,1089600,1223.709961
1225,1226.088013,1215.796997,1224.77002,1081700,1224.77002
1237,1251.170044,1236.170044,1242.219971,1494000,1242.219971
1240.469971,1256.5,1238.008057,1245.609985,1370300,1245.609985
1249.900024,1255.541992,1246.01001,1249.099976,848600,1249.099976
1243,1245.694946,1232,1237.609985,1108700,1237.609985
1236.97998,1249.272949,1233.640991,1235.01001,997300,1235.01001
1235.189941,1245.869995,1225.109985,1242.099976,1348100,1242.099976
1229.26001,1235.23999,1209.51001,1214.380005,1828800,1214.380005
1224.72998,1226,1202.550049,1206.48999,1343200,1206.48999
1202.030029,1209.02002,1188.23999,1200.959961,1389600,1200.959961
1205.02002,1211,1194.625977,1207.77002,870800,1207.77002
1208,1217.26001,1200.354004,1201.619995,1205600,1201.619995
1200,1211.839966,1199,1207.329956,887400,1207.329956
1207.140015,1221.280029,1204.23999,1205.380005,992600,1205.380005
1208.819946,1221.650024,1206.359009,1220.650024,946600,1220.650024
1227.599976,1243.089966,1225.715942,1241.819946,1156300,1241.819946
1241.290039,1242.545044,1228.689941,1231.150024,1304000,1231.150024
1237.449951,1250.660034,1236.359009,1249.300049,1298900,1249.300049
1244.22998,1253.63501,1232.589966,1239.119995,1331400,1239.119995
1234.97998,1238.660034,1211.285034,1218.189941,1816400,1218.189941
1204.27002,1212.98999,1192.5,1197,1831000,1197
1193.800049,1199.01001,1162,1186.47998,2061300,1186.47998
1186.300049,1186.300049,1152,1171.439941,1888500,1171.439941
1158.670044,1175.26001,1157.214966,1164.829956,1401300,1164.829956
1172.189941,1174.540039,1160.109985,1164.640015,1115400,1164.640015
1161.630005,1178.680054,1156.23999,1177.359985,1209300,1177.359985
1172.719971,1178.609985,1158.359985,1162.819946,1295500,1162.819946
1170.73999,1178.609985,1162.849976,1175.329956,1431200,1175.329956
1179.099976,1180.425049,1168.329956,1172.530029,944000,1172.530029
1170.140015,1177.23999,1154.030029,1156.050049,1306500,1156.050049
1157.089966,1176.079956,1157.089966,1161.219971,1203600,1161.219971
1164.97998,1173.209961,1154.579956,1171.089966,1191400,1171.089966
1179.98999,1189.890015,1173.359985,1186.869995,1225400,1186.869995
1192,1192.209961,1166.040039,1166.089966,4405600,1166.089966
1157.170044,1178,1146.910034,1173.369995,1271000,1173.369995
1176.150024,1186.880005,1168,1184.650024,977700,1184.650024
1185.150024,1194.22998,1174.765015,1180.48999,1462300,1180.48999
1186.72998,1202.099976,1183.630005,1194.640015,1260800,1194.640015
1191.869995,1195.410034,1184.5,1193.469971,1380600,1193.469971
1199.890015,1209.900024,1190.300049,1195.310059,1357600,1195.310059
1190.959961,1209.959961,1186.630005,1200.109985,1687900,1200.109985
1205,1206.410034,1193.829956,1202.949951,1256200,1202.949951
1195.329956,1197.51001,1155.57605,1168.189941,2209500,1168.189941
1167.5,1173.5,1145.119995,1157.349976,1184300,1157.349976
1150.109985,1168,1127.364014,1148.969971,1932400,1148.969971
1146.150024,1154.349976,1137.572021,1138.819946,1308700,1138.819946
1131.079956,1132.170044,1081.130005,1081.219971,2675700,1081.219971
1072.939941,1106.400024,1068.27002,1079.319946,2949000,1079.319946
1108,1115,1086.401978,1110.079956,2101300,1110.079956
1108.910034,1113.446045,1089,1092.25,1372400,1092.25
1104.589966,1124.219971,1102.5,1121.280029,1928500,1121.280029
1126.459961,1128.98999,1102.189941,1115.689941,1467200,1115.689941
1121.839966,1121.839966,1077.089966,1087.969971,2094500,1087.969971
1093.369995,1110.359985,1087.75,1096.459961,1267600,1096.459961
1103.060059,1112.22998,1091,1101.160034,1514200,1101.160034
1080.890015,1107.890015,1070,1103.689941,1848700,1103.689941
1104.25,1106.119995,1048.73999,1050.709961,1982400,1050.709961
1071.790039,1110.97998,1069.550049,1095.569946,2545800,1095.569946
1037.030029,1106.530029,1034.089966,1071.469971,4187600,1071.469971
1082.469971,1097.040039,995.830017,1020.080017,3880700,1020.080017
1008.460022,1037.48999,1000.75,1036.209961,3212700,1036.209961
1059.810059,1091.939941,1057,1076.77002,2529800,1076.77002
1075.800049,1083.974976,1062.459961,1070,1482000,1070
1073.72998,1082.974976,1054.609985,1057.790039,1839000,1057.790039
1055,1058.469971,1021.23999,1040.089966,2441400,1040.089966
1039.47998,1064.344971,1038.069946,1055.810059,1233300,1055.810059
1069,1095.459961,1065.900024,1093.390015,2058400,1093.390015
1091.380005,1093.27002,1072.204956,1082.400024,1488200,1082.400024
1073.98999,1075.560059,1053.109985,1066.150024,1343200,1066.150024
1061.390015,1062.119995,1031,1038.630005,1471800,1038.630005
1043.290039,1056.60498,1031.150024,1036.050049,1513700,1036.050049
1050,1054.563965,1031,1043.660034,1565900,1043.660034
1044.709961,1071.849976,1031.780029,1064.709961,1836100,1064.709961
1059.410034,1067,1048.97998,1061.48999,1658100,1061.48999
1057.199951,1060.790039,1016.26001,1020,1858600,1020
1000,1031.73999,996.02002,1025.76001,2449100,1025.76001
1036.76001,1048.560059,1033.469971,1037.609985,1534300,1037.609985
1030,1037.589966,1022.398987,1023.880005,691500,1023.880005
1038.349976,1049.310059,1033.910034,1048.619995,1942800,1048.619995
1041,1057.579956,1038.48999,1044.410034,1803200,1044.410034
1048.76001,1086.839966,1035.76001,1086.22998,2475400,1086.22998
1076.079956,1094.244995,1076,1088.300049,1468900,1088.300049
1089.069946,1095.569946,1077.880005,1094.430054,2580200,1094.430054
1123.140015,1124.650024,1103.665039,1106.430054,1991200,1106.430054
1103.119995,1104.420044,1049.97998,1050.819946,2345200,1050.819946
1034.26001,1071.199951,1030.77002,1068.72998,2769200,1068.72998
1060.01001,1075.26001,1028.5,1036.579956,2101200,1036.579956
1035.050049,1048.449951,1023.289978,1039.550049,1807700,1039.550049
1056.48999,1060.599976,1039.839966,1051.75,1394700,1051.75
1068,1081.650024,1062.790039,1063.680054,1523800,1063.680054
1068.069946,1079.76001,1053.930054,1061.900024,1329800,1061.900024
1049.97998,1062.599976,1040.790039,1042.099976,1686600,1042.099976
1037.51001,1053.150024,1007.900024,1016.530029,2385400,1016.530029
1026.089966,1049.47998,1021.440002,1028.709961,2192500,1028.709961
1033.98999,1062,1008.049988,1023.01001,2479300,1023.01001
1018.130005,1034.219971,996.359985,1009.409973,2673500,1009.409973
1015.299988,1024.02002,973.690002,979.539978,4596000,979.539978
973.900024,1003.539978,970.109985,976.219971,1590300,976.219971
989.01001,1040,983,1039.459961,2373300,1039.459961
1017.150024,1043.890015,997,1043.880005,2109800,1043.880005
1049.619995,1055.560059,1033.099976,1037.079956,1414800,1037.079956
1050.959961,1052.699951,1023.590027,1035.609985,1493300,1035.609985
1016.570007,1052.319946,1015.710022,1045.849976,1532600,1045.849976
1041,1056.97998,1014.070007,1016.059998,1841100,1016.059998
1032.589966,1070.839966,1027.417969,1070.709961,2093900,1070.709961
1071.5,1074,1054.76001,1068.390015,1981900,1068.390015
1076.109985,1084.560059,1060.530029,1076.280029,1764900,1076.280029
1081.650024,1082.630005,1066.400024,1074.660034,1199300,1074.660034
1067.660034,1071.150024,1057.709961,1070.329956,1456400,1070.329956
1063.180054,1063.775024,1048.47998,1057.189941,1520800,1057.189941
1046.920044,1051.530029,1041.255005,1044.689941,1144300,1044.689941
1050.170044,1080.050049,1047.339966,1077.150024,1463600,1077.150024
1080,1092.375,1079.339966,1080.969971,1331800,1080.969971
1079.469971,1091.800049,1073.5,1089.900024,1242700,1089.900024
1100,1108.352051,1090.900024,1098.26001,1955600,1098.26001
1088,1091.51001,1063.469971,1070.52002,1613500,1070.52002
1077.349976,1084.930054,1059.75,1075.569946,967000,1075.569946
1076.47998,1079.474976,1060.699951,1073.900024,1361300,1073.900024
1085,1094,1081.819946,1090.98999,1119100,1090.98999
1080.109985,1083,1063.800049,1070.079956,1284300,1070.079956
1072.680054,1075.150024,1055.86499,1060.619995,1021800,1060.619995
1068.430054,1091,1066.849976,1089.060059,1279800,1089.060059
1103,1117.329956,1095.410034,1116.369995,1538300,1116.369995
1112.400024,1125,1104.890015,1110.75,1462200,1110.75
1112.660034,1132.800049,1109.02002,1132.800049,2576500,1132.800049
1124.839966,1146.849976,1117.248047,1145.98999,3552200,1145.98999
1139.569946,1147,1112.77002,1115.22998,2105600,1115.22998
1104.160034,1104.839966,1086,1098.709961,2044800,1098.709961
1087,1098.910034,1086.550049,1095.060059,1075800,1095.060059
1096.949951,1105.944946,1092.859985,1095.01001,1065200,1095.01001
1106.800049,1125.295044,1105.849976,1121.369995,1609100,1121.369995
1124.98999,1134.72998,1118.5,1120.160034,1049800,1120.160034
1118.050049,1128.22998,1110.444946,1121.670044,947600,1121.670044
1130.079956,1131.670044,1110.650024,1113.650024,1449800,1113.650024
1110,1121.890015,1110,1118.560059,1046400,1118.560059
1119.98999,1123.410034,1105.280029,1113.800049,1087800,1113.800049
1110.839966,1111.939941,1092.52002,1096.969971,1415100,1096.969971
1100.900024,1111.23999,1095.599976,1110.369995,1049500,1110.369995
1116,1118.540039,1107.27002,1109.400024,1413100,1109.400024
1105.75,1119.51001,1099.920044,1115.130005,1471300,1115.130005
1106.949951,1117.97998,1101,1116.050049,968400,1116.050049
1111.300049,1127.650024,1111.01001,1119.920044,1542500,1119.920044
1124.900024,1142.969971,1124.75,1140.98999,1450300,1140.98999
1146.98999,1158.280029,1130.689941,1147.800049,1446000,1147.800049
1150.060059,1169.609985,1146.194946,1162.030029,1443200,1162.030029
1162.48999,1167.56604,1155.48999,1157.859985,1099300,1157.859985
1155.719971,1156.755005,1134.910034,1143.300049,1166600,1143.300049
1126.72998,1147.079956,1123.300049,1142.319946,1212400,1142.319946
1144.449951,1176.189941,1144.449951,1175.76001,1719200,1175.76001
1178.26001,1200,1178.26001,1193.199951,2013100,1193.199951
1200.64502,1200.930054,1191.939941,1193.319946,1435900,1193.319946
1194.51001,1197.880005,1184.47998,1185.550049,1172800,1185.550049
1193.380005,1196.569946,1182.609985,1184.459961,2461800,1184.459961
1183.300049,1190,1177.421021,1184.26001,1292600,1184.26001
1188.810059,1200,1185.869995,1198.849976,1520700,1198.849976
1197.349976,1227.140015,1196.170044,1223.969971,2227400,1223.969971
1216,1231.790039,1213.150024,1231.540039,1204000,1231.540039
1226.319946,1230,1202.824951,1205.5,1714200,1205.5
1196.930054,1206.397949,1187.040039,1193,1496800,1193
1198.530029,1202.829956,1176.719971,1184.619995,1901200,1184.619995
1185.5,1187.55896,1159.369995,1173.02002,1400200,1173.02002
1171.540039,1171.564941,1159.43103,1168.48999,961700,1168.48999
1174.900024,1178.98999,1162.880005,1173.310059,1269900,1173.310059
1184.099976,1196.660034,1182,1194.430054,1252500,1194.430054
1195.319946,1201.349976,1185.709961,1200.48999,827900,1200.48999
1207.47998,1216.300049,1200.5,1205.920044,1014300,1205.920044
1205.939941,1215.670044,1204.130005,1215,950000,1215
1214.98999,1216.219971,1205.030029,1207.150024,907200,1207.150024
1207.890015,1208.689941,1199.859985,1203.839966,860200,1203.839966
1196,1202.290039,1193.079956,1197.25,876400,1197.25
1200.680054,1203.785034,1196.435059,1202.160034,724600,1202.160034
1203.959961,1207.959961,1200.130005,1204.619995,710200,1204.619995
1210,1218.349976,1208.109985,1217.869995,933400,1217.869995
1218,1224.199951,1209.109985,1221.099976,1187400,1221.099976
1225,1230.819946,1220.119995,1227.130005,856300,1227.130005
1233,1240.560059,1227.819946,1236.339966,1221900,1236.339966
1239.180054,1242,1234.609985,1236.369995,1331800,1236.369995
1235.98999,1249.089966,1228.310059,1248.839966,807300,1248.839966
1250.689941,1269,1246.380005,1264.550049,1319900,1264.550049
1264.119995,1268.01001,1255,1256,1018800,1256
1264.77002,1267.407959,1252.030029,1263.449951,1107300,1263.449951
1269,1273.069946,1260.319946,1272.180054,1241400,1272.180054
1274,1289.27002,1266.295044,1287.579956,2499400,1287.579956
1185,1192.810059,1175,1188.47998,6207000,1188.47998
1188.050049,1188.050049,1167.180054,1168.079956,2639200,1168.079956
1167.76001,1174.189941,1155.001953,1162.609985,1944800,1162.609985
1173.650024,1186.800049,1169,1185.400024,1980700,1185.400024
1166.26001,1190.849976,1166.26001,1189.390015,1563900,1189.390015
1180.469971,1190.439941,1161.040039,1174.099976,1551400,1174.099976
1172.01001,1180.42395,1165.73999,1166.27002,1309300,1166.27002
1159.030029,1169.660034,1150.849976,1162.380005,1185700,1162.380005
1163.589966,1172.599976,1142.5,1164.27002,1314500,1164.27002
1141.959961,1147.939941,1122.109985,1132.030029,1860600,1132.030029
1137.209961,1140.420044,1119.550049,1120.439941,1836600,1120.439941
1117.869995,1171.329956,1116.666016,1164.209961,2289300,1164.209961
1164.51001,1188.160034,1162.839966,1178.97998,1531400,1178.97998
1168.469971,1180.150024,1160.01001,1162.300049,1208600,1162.300049
1144.5,1146.796997,1131.442993,1138.849976,1353300,1138.849976
1148.48999,1152.708008,1137.939941,1149.630005,1159800,1149.630005
1146.75,1158.52002,1145.890015,1151.420044,914500,1151.420044
1140.5,1145.973022,1129.223999,1140.77002,1198900,1140.77002
1147.359985,1149.765015,1131.660034,1133.469971,1112000,1133.469971
1134,1151.587036,1133.119995,1134.150024,1365000,1134.150024
1127.52002,1129.099976,1108.219971,1116.459961,1538200,1116.459961
1115.540039,1123.130005,1112.119995,1117.949951,951900,1117.949951
1101.290039,1109.599976,1100.180054,1103.630005,1507800,1103.630005
1065.5,1065.5,1025,1036.22998,5130600,1036.22998
1042.900024,1056.050049,1033.689941,1053.050049,2833500,1053.050049
1051.540039,1053.550049,1030.48999,1042.219971,2168400,1042.219971
1044.98999,1047.48999,1033.699951,1044.339966,1703200,1044.339966
1050.630005,1070.920044,1048.400024,1066.040039,1802400,1066.040039
1072.97998,1092.660034,1072.322021,1080.380005,1464200,1080.380005
1093.97998,1101.98999,1077.603027,1078.719971,1436700,1078.719971
1078,1080.930054,1067.540039,1077.030029,1061000,1077.030029
1083.640015,1094.170044,1080.150024,1088.77002,1057700,1088.77002
1086.420044,1092.689941,1080.171997,1085.349976,1111500,1085.349976
1086.280029,1099.180054,1086.280029,1092.5,941600,1092.5
1109.689941,1116.390015,1098.98999,1103.599976,1386700,1103.599976
1105.599976,1107,1093.47998,1102.329956,1338800,1102.329956
1119.98999,1120.119995,1104.73999,1111.420044,1262000,1111.420044
1109.23999,1124.109985,1108.079956,1121.880005,1947600,1121.880005
1119.609985,1122,1111.01001,1115.52002,1395600,1115.52002
1112.660034,1114.349976,1083.800049,1086.349976,1546900,1086.349976
1086.5,1092.969971,1072.23999,1079.800049,1810900,1079.800049
1084,1087.099976,1075.290039,1076.01001,1004300,1076.01001
1076.390015,1081,1073.369995,1080.910034,1693200,1080.910034
1098,1107.579956,1093.703003,1097.949951,1436300,1097.949951
1102.23999,1111.77002,1098.170044,1111.25,991600,1111.25
1117.410034,1126.76001,1113.859985,1121.579956,767000,1121.579956
1117.800049,1132.880005,1116.140015,1131.589966,1264300,1131.589966
1125.170044,1125.97998,1111.209961,1116.349976,1236400,1116.349976
1111.800049,1128.025024,1107.170044,1124.829956,1330400,1124.829956
1131.219971,1142.050049,1130.969971,1140.47998,1209500,1140.47998
1143.25,1153.069946,1139.579956,1144.209961,1195500,1144.209961
1143.98999,1147.339966,1138.780029,1144.900024,864000,1144.900024
1146.859985,1150.819946,1139.400024,1150.339966,903800,1150.339966
1146,1158.579956,1145,1153.579956,1238800,1153.579956
1150.969971,1158.359985,1145.77002,1146.349976,1170000,1146.349976
1141.73999,1147.60498,1132.72998,1146.329956,1290700,1146.329956
1148.189941,1151.140015,1129.619995,1130.099976,1647200,1130.099976
1133.449951,1139.25,1124.23999,1138.069946,1301500,1138.069946
1144,1146.900024,1131.800049,1146.209961,1093700,1146.209961
1131.900024,1144,1126.98999,1137.810059,1589800,1137.810059
1137.819946,1141.699951,1120.920044,1132.119995,2209800,1132.119995
1224.040039,1265.550049,1224,1250.410034,4805800,1250.410034
1241.050049,1247.369995,1228.22998,1239.410034,2223700,1239.410034
1225.410034,1234.869995,1223.300049,1225.140015,1453300,1225.140015
1223,1234,1207.764038,1216.680054,1725500,1216.680054
1214.030029,1234.109985,1205.719971,1209.01001,1698500,1209.01001
1200.73999,1206.900024,1188.939941,1193.98999,1645100,1193.98999
1170.040039,1175.23999,1140.140015,1152.319946,2597500,1152.319946
1163.310059,1179.959961,1160,1169.949951,1709400,1169.949951
1156,1178.444946,1149.624023,1173.98999,1444300,1173.98999
1182.829956,1205.01001,1173.02002,1204.800049,1468000,1204.800049
1197.98999,1203.880005,1183.603027,1188.01001,1065700,1188.01001
1179.209961,1184.959961,1167.671997,1174.709961,1003000,1174.709961
1171.459961,1204.780029,1171.459961,1197.27002,1294400,1197.27002
1176.310059,1182.300049,1160.540039,1164.290039,1578700,1164.290039
1163.5,1175.839966,1162.109985,1167.26001,1218700,1167.26001
1179.550049,1182.719971,1171.810059,1177.599976,1313300,1177.599976
1190.089966,1206.98999,1190.089966,1198.449951,1231600,1198.449951
1195.25,1196.060059,1182.109985,1182.689941,915500,1182.689941
1193.150024,1199,1187.430054,1191.25,740700,1191.25
1194.069946,1198.011963,1178.579956,1189.530029,947500,1189.530029
1181.98999,1194.079956,1147.75,1151.290039,1687000,1151.290039
1157.26001,1169.469971,1152.959961,1168.890015,1226100,1168.890015
1180.530029,1182.400024,1161.449951,1167.839966,1077200,1167.839966
1161.709961,1176.420044,1157.300049,1171.02002,802000,1171.02002
1181.119995,1196.060059,1181.119995,1192.849976,1088400,1192.849976
1198.5,1198.5,1183.802979,1188.099976,1129800,1188.099976
1177.030029,1186.890015,1163.199951,1168.390015,1479900,1168.390015
1176.709961,1183.47998,1171,1181.410034,1068900,1181.410034
1191.530029,1213.040039,1191.530029,1211.380005,1408100,1211.380005
1208.130005,1212.015015,1202.521973,1204.930054,1072100,1204.930054
1204,1220,1192.619995,1204.410034,1471900,1204.410034
1195.150024,1210,1194.579956,1206,1260100,1206
1203.410034,1222.599976,1202.199951,1220.170044,1307000,1220.170044
1224.300049,1241.859985,1223.02002,1234.25,1725900,1234.25
1231.349976,1240.880005,1227.01001,1239.560059,1301400,1239.560059
1229.52002,1239.560059,1225.609985,1231.300049,1053300,1231.300049
1230.400024,1235,1223.689941,1229.150024,955100,1229.150024
1227.51001,1235.609985,1216.530029,1232.410034,1135100,1232.410034
1232.060059,1244.439941,1232.02002,1238.709961,996000,1238.709961
1233.119995,1243.319946,1223.079956,1229.930054,2270000,1229.930054
1226,1239.089966,1224.170044,1234.030029,1062400,1234.030029
1240,1246.73999,1210.680054,1218.76001,1583200,1218.76001
1215.819946,1248.300049,1210.089966,1246.52002,1453000,1246.52002
1241.959961,1245,1232.267944,1241.390015,1538000,1241.390015
1243.01001,1244.02002,1214.449951,1225.089966,1353900,1225.089966
1220.969971,1226,1212.300049,1219,1404100,1219
1219,1231.22998,1203.579956,1205.099976,1273500,1205.099976
1196.97998,1196.97998,1171.290039,1176.630005,1615100,1176.630005
1180,1189.060059,1162.430054,1187.829956,1621200,1187.829956
1191.890015,1211.439941,1189.170044,1209,1162400,1209
1204.400024,1218.203979,1203.75,1207.680054,842900,1207.680054
1197.589966,1206.079956,1189.01001,1189.130005,1039300,1189.130005
1199.349976,1208.349976,1197.630005,1202.310059,867700,1202.310059
1198.579956,1215,1197.339966,1208.670044,846600,1208.670044
1222.209961,1228.390015,1213.73999,1215.449951,1272700,1215.449951
1212.339966,1226.329956,1211.76001,1217.140015,867500,1217.140015
1220.400024,1247.329956,1220.400024,1243.01001,1381700,1243.01001
1241.170044,1254.73999,1238.449951,1243.640015,1094600,1243.640015
1250.930054,1263.324951,1249.939941,1253.069946,952400,1253.069946
1253.459961,1258.890015,1241.079956,1245.48999,1352800,1245.48999
1252.26001,1254.629028,1240.599976,1246.150024,1027200,1246.150024
1247.849976,1250.599976,1241.380005,1242.800049,1023800,1242.800049
1242.359985,1259.890015,1242.359985,1259.130005,911500,1259.130005
1260.900024,1264,1253.714966,1260.98999,1028100,1260.98999
1251.030029,1269.599976,1250.01001,1265.130005,1213100,1265.130005
1275.449951,1299.310059,1272.540039,1290,2613200,1290
1276.22998,1281.589966,1257.212036,1262.619995,1886400,1262.619995
1252.969971,1269.359985,1252,1261.290039,1408900,1261.290039
1261.280029,1267.670044,1250.843018,1260.109985,1455700,1260.109985
1265,1274.619995,1260.5,1273.73999,1670100,1273.73999
1276.449951,1294.130005,1276.35498,1291.369995,1501000,1291.369995
1292.890015,1298.930054,1291.229004,1292.030029,1282700,1292.030029
1289.459961,1293.72998,1282.5,1291.800049,1153000,1291.800049
1294.280029,1323.73999,1294.244995,1308.859985,2030000,1308.859985
1305.280029,1318,1304.36499,1311.369995,1251400,1311.369995
1303.180054,1306.425049,1297.410034,1299.189941,1011900,1299.189941
1300,1310,1295.77002,1298.800049,1085900,1298.800049
1294.069946,1304.300049,1293.51001,1298,826700,1298
1297.5,1317,1295.650024,1311.459961,1193500,1311.459961
1318.939941,1334.880005,1314.280029,1334.869995,1782600,1334.869995
1332.219971,1335.529053,1317.5,1320.699951,1487400,1320.699951
1327.699951,1327.699951,1312.800049,1315.459961,1269200,1315.459961
1311.73999,1315,1291.150024,1303.050049,1308600,1303.050049
1301.47998,1312.589966,1293,1301.349976,995500,1301.349976
1305.619995,1308.72998,1291.410034,1295.339966,1385700,1295.339966
1299.180054,1311.310059,1298.130005,1306.689941,1036200,1306.689941
1309.859985,1314.800049,1305.089966,1313.550049,1069700,1313.550049
1315,1318.359985,1309.630005,1312.98999,995600,1312.98999
1307.119995,1310.204956,1303.969971,1304.959961,587000,1304.959961
1301,1305.829956,1281,1289.920044,1510900,1289.920044
1279.569946,1298.46106,1279,1295.280029,1143800,1295.280029
1307.01001,1325.800049,1304.869995,1320.540039,1537500,1320.540039
1328,1329.358032,1316.439941,1328.130005,1212700,1328.130005
1333.439941,1344,1333.439941,1340.619995,1314800,1340.619995
1338.040039,1359.449951,1337.839966,1343.560059,1354300,1343.560059
1341.5,1349.974976,1336.040039,1344.660034,1094100,1344.660034
1350.839966,1351.199951,1342.670044,1345.02002,850400,1345.02002
1345.939941,1355.775024,1340.5,1350.27002,1281000,1350.27002
1347.949951,1353.093018,1343.869995,1347.829956,1549600,1347.829956
1356.5,1364.680054,1352.670044,1361.170044,1397300,1361.170044
1362.890015,1365,1351.322998,1355.119995,1854000,1355.119995
1356.599976,1360.469971,1351,1352.619995,1522600,1352.619995
1351.819946,1358.099976,1348.984985,1356.040039,1469900,1356.040039
1363.349976,1363.640015,1349,1349.589966,3315000,1349.589966
1355.869995,1359.800049,1346.51001,1348.839966,883100,1348.839966
1348.5,1350.26001,1342.780029,1343.560059,347500,1343.560059
1346.170044,1361.327026,1344.469971,1360.400024,667500,1360.400024
1362.98999,1364.530029,1349.310059,1351.890015,1038400,1351.890015
1350,1353,1334.02002,1336.140015,1050900,1336.140015
1330.109985,1338,1329.084961,1337.02002,961800,1337.02002
1341.550049,1368.140015,1341.550049,1367.369995,1406600,1367.369995
1347.859985,1372.5,1345.543945,1360.660034,1186400,1360.660034
1350,1396.5,1350,1394.209961,1732300,1394.209961
1397.939941,1402.98999,1390.380005,1393.339966,1502700,1393.339966
1392.079956,1411.579956,1390.839966,1404.319946,1528000,1404.319946
1420.569946,1427.329956,1410.27002,1419.829956,1500900,1419.829956
1427.560059,1434.928955,1418.349976,1429.72998,1820700,1429.72998
1436.130005,1440.52002,1426.02002,1439.22998,1652300,1439.22998
1439.01001,1441.800049,1428.369995,1430.880005,1558900,1430.880005
1430.209961,1441.39502,1430.209961,1439.199951,1282700,1439.199951
1447.439941,1451.98999,1440.920044,1451.699951,1173700,1451.699951
1462.910034,1481.295044,1458.219971,1480.390015,2396200,1480.390015
1479.119995,1491.849976,1471.199951,1484.400024,2036700,1484.400024
1491,1503.213989,1484.930054,1485.949951,1610800,1485.949951
1487.640015,1495.52002,1482.099976,1486.650024,1351200,1486.650024
1493.589966,1495.494995,1465.25,1466.709961,1784600,1466.709961
1431,1438.069946,1421.199951,1433.900024,1755200,1433.900024
1443,1456,1432.469971,1452.560059,1577400,1452.560059
1458.800049,1465.430054,1446.73999,1458.630005,1077700,1458.630005
1439.959961,1457.280029,1436.400024,1455.839966,1339400,1455.839966
1468.900024,1470.130005,1428.530029,1434.22998,2417200,1434.22998
1462,1490,1458.98999,1485.939941,3036800,1485.939941
1457.069946,1469.5,1426.300049,1447.069946,3933000,1447.069946
1462.420044,1463.839966,1430.560059,1448.22998,1986200,1448.22998
1450.329956,1482,1449.569946,1476.22998,1679400,1476.22998
1467.300049,1485.839966,1466.349976,1479.22998,1172300,1479.22998
1474.319946,1509.5,1474.319946,1508.680054,1419900,1508.680054
1511.810059,1529.630005,1505.637939,1508.790039,1344600,1508.790039
1514.47998,1520.694946,1508.109985,1518.27002,1167600,1518.27002
1512.689941,1527.180054,1504.599976,1514.660034,929500,1514.660034
1515.599976,1520.73999,1507.339966,1520.73999,1197800,1520.73999
1515,1531.630005,1512.589966,1519.670044,1120700,1519.670044
1525.069946,1532.105957,1521.400024,1526.689941,949300,1526.689941
1522,1529.640015,1506.819946,1518.150024,1096600,1518.150024
1508.030029,1512.214966,1480.439941,1485.109985,1731700,1485.109985
1426.109985,1436.969971,1411.390015,1421.589966,2867100,1421.589966
1433,1438.140015,1382.400024,1388.449951,2478300,1388.449951
1396.140015,1415.699951,1379,1393.180054,2202400,1393.180054
1362.060059,1371.703979,1317.170044,1318.089966,2978300,1318.089966
1277.5,1341.140015,1271,1339.329956,3789100,1339.329956
1351.609985,1390.869995,1326.814941,1389.109985,2431500,1389.109985
1399.420044,1410.150024,1332,1341.390015,2402300,1341.390015
1359.22998,1388.089966,1343.109985,1386.52002,1913300,1386.52002
1350.199951,1358.910034,1305.099976,1319.040039,2561300,1319.040039
1277.060059,1306.219971,1261.050049,1298.410034,2660600,1298.410034
1205.300049,1254.76001,1200,1215.560059,3365400,1215.560059
1260,1281.150024,1218.77002,1280.390015,2611400,1280.390015
1249.699951,1260.959961,1196.069946,1215.410034,2608500,1215.410034
1126,1193.869995,1113.300049,1114.910034,4226700,1114.910034
1179,1219.76001,1117.142944,1219.72998,3700100,1219.72998
1096,1152.266968,1074.439941,1084.329956,4252400,1084.329956
1093.109985,1130.859985,1056.01001,1119.800049,3861500,1119.800049
1056.51001,1106.5,1037.280029,1096.800049,4233400,1096.800049
1093.050049,1157.969971,1060.108032,1115.290039,3651100,1115.290039
1135.719971,1143.98999,1065.48999,1072.319946,3601800,1072.319946
1061.319946,1071.319946,1013.536011,1056.619995,4044100,1056.619995
1103.77002,1135,1090.619995,1134.459961,3344500,1134.459961
1126.469971,1148.900024,1086.01001,1102.48999,4081500,1102.48999
1111.800049,1169.969971,1093.530029,1161.75,3571700,1161.75
1125.670044,1150.670044,1105.910034,1110.709961,3208500,1110.709961
1125.040039,1151.630005,1096.47998,1146.819946,2574100,1146.819946
1147.300049,1175.310059,1138.140015,1162.810059,2486400,1162.810059
1122,1129.689941,1097.449951,1105.619995,2344200,1105.619995
1098.26001,1126.859985,1096.400024,1120.839966,1964900,1120.839966
1119.015015,1123.540039,1079.810059,1097.880005,2313400,1097.880005
1138,1194.660034,1130.939941,1186.920044,2664700,1186.920044
1221,1225,1182.22998,1186.51001,2387300,1186.51001
1206.5,1219.069946,1188.160034,1210.280029,1975100,1210.280029
1224.079956,1225.569946,1196.734985,1211.449951,2175400,1211.449951
1209.180054,1220.51001,1187.598022,1217.560059,1739800,1217.560059
1245.089966,1282.069946,1236.930054,1269.22998,2470400,1269.22998
1245.609985,1280.459961,1240.400024,1262.469971,1671700,1262.469971
1274.099976,1279,1242.619995,1263.469971,2518100,1263.469971
1284.849976,1294.430054,1271.22998,1283.25,1949000,1283.25
1271,1281.599976,1261.369995,1266.609985,1695500,1266.609985
1247,1254.27002,1209.709961,1216.339966,2153000,1216.339966
1245.540039,1285.613037,1242,1263.209961,2092400,1263.209961
1271.550049,1293.310059,1265.670044,1276.310059,1566200,1276.310059
1261.170044,1280.400024,1249.449951,1279.310059,1639600,1279.310059
1296,1296.150024,1269,1275.880005,1600600,1275.880005
1287.930054,1288.050049,1232.199951,1233.670044,2951300,1233.670044
1341.459961,1359.98999,1325.339966,1341.47998,3793600,1341.47998
1324.880005,1352.819946,1322.48999,1348.660034,2668900,1348.660034
1328.5,1352.069946,1311,1320.609985,2072500,1320.609985
1308.22998,1327.660034,1299,1326.800049,1504000,1326.800049
1337.920044,1373.939941,1337.459961,1351.109985,1651500,1351.109985
1361.689941,1371.119995,1347.290039,1347.300049,1215400,1347.300049
1365.939941,1377.599976,1355.27002,1372.560059,1397600,1372.560059
1383.130005,1398.76001,1375.47998,1388.369995,1386900,1388.369995
1378.280029,1416.530029,1377.151978,1403.26001,1412100,1403.26001
1407.119995,1415,1374.77002,1375.73999,1390600,1375.73999
1377.050049,1385.482056,1328.400024,1349.329956,1812600,1349.329956
1335.02002,1357.420044,1323.910034,1356.130005,1603100,1356.130005
1350,1374.47998,1339,1373.189941,1707700,1373.189941
1361.75,1392.324951,1354.25,1383.939941,1822400,1383.939941
1386.996948,1392,1373.484985,1373.484985,1280600,1373.484985
1389.579956,1410.420044,1387.25,1406.719971,1655400,1406.719971
1408,1415.48999,1393.449951,1402.800049,1385000,1402.800049
1396.709961,1412.76001,1391.829956,1410.420044,1309400,1410.420044
1437.27002,1441,1412.130005,1417.02002,2060600,1417.02002
1417.25,1421.73999,1391.290039,1417.839966,1685800,1417.839966
1396.859985,1440.839966,1396,1416.72998,1692200,1416.72998
1416.939941,1432.569946,1413.349976,1428.920044,1820900,1428.920044
1418.390015,1437.959961,1418,1431.819946,1217100,1431.819946
1430.550049,1439.609985,1418.829956,1439.219971,1278100,1439.219971
1438.300049,1446.552002,1429.776978,1436.380005,1256200,1436.380005
1430.400024,1438.959961,1404.72998,1412.180054,1484300,1412.180054
1413.170044,1445.050049,1406,1438.390015,1734900,1438.390015
1422.339966,1447.98999,1422.339966,1446.609985,1404200,1446.609985
1445.359985,1468,1443.209961,1456.160034,1409200,1456.160034
1459.540039,1474.259033,1456.27002,1465.849976,1525200,1465.849976
1442.47998,1454.474976,1402,1403.839966,1991300,1403.839966
1428.48999,1437,1386.02002,1413.180054,1946400,1413.180054
1390.800049,1424.800049,1387.920044,1419.849976,1503900,1419.849976
1445.219971,1455.02002,1425.900024,1442.719971,1709200,1442.719971
1447.160034,1460,1431.380005,1451.119995,1549600,1451.119995
1449.160034,1451.410034,1427.01001,1435.959961,1581900,1435.959961
1444,1447.800049,1421.349976,1431.719971,3157900,1431.719971
1429,1452.75,1423.209961,1451.859985,1542400,1451.859985
1455.640015,1475.94104,1445.23999,1464.410034,1429800,1464.410034
1461.51001,1475.420044,1429.75,1431.969971,1756000,1431.969971
1429.900024,1442.900024,1420,1441.329956,1230500,1441.329956
1431.390015,1433.449951,1351.98999,1359.900024,4267700,1359.900024
1358.180054,1395.599976,1347.01001,1394.969971,1810200,1394.969971
1390.439941,1418.650024,1383.959961,1413.609985,2042400,1413.609985
1411.099976,1443,1409.819946,1438.040039,1775200,1438.040039
1446.939941,1482.949951,1446.420044,1464.699951,1859100,1464.699951
1480.060059,1506.589966,1472.859985,1495.699951,1564000,1495.699951
1490,1516.800049,1483.550049,1485.180054,1458200,1485.180054
1494.319946,1505.880005,1485.630005,1496,1249700,1496
1506.449951,1522.719971,1488.084961,1510.98999,1423300,1510.98999
1506.150024,1543.829956,1496.540039,1541.73999,1856300,1541.73999
1550,1577.131958,1505.243042,1511.339966,1846400,1511.339966
1490.310059,1522.949951,1483.5,1520.579956,1585000,1520.579956
1523.130005,1535.329956,1498,1513.640015,1610700,1513.640015
1500,1518.689941,1486.310059,1518,1519300,1518
1521.619995,1523.439941,1498.420044,1515.550049,1456700,1515.550049
1515.26001,1570.290039,1503.599976,1565.719971,1557300,1565.719971
1586.98999,1586.98999,1554.280029,1558.420044,1216200,1558.420044
1560.5,1570,1546.099976,1568.48999,932000,1568.48999
1566.969971,1571.869995,1507.391968,1515.680054,1627600,1515.680054
1498.930054,1517.635986,1488.400024,1511.869995,1544000,1511.869995
1515.599976,1540.969971,1515.209961,1530.199951,1246000,1530.199951
1525.180054,1526.47998,1497.660034,1500.339966,1702200,1500.339966
1506.319946,1531.251953,1501.329956,1522.02002,1106500,1522.02002
1497,1537.869995,1492.219971,1531.449951,1671400,1531.449951
1505.01001,1508.949951,1454.030029,1482.959961,3439900,1482.959961
1486.640015,1490.469971,1465.640015,1474.449951,2330200,1474.449951
1476.569946,1485.560059,1458.650024,1464.969971,1903500,1464.969971
1469.300049,1482.410034,1463.459961,1473.609985,1979500,1473.609985
1471.75,1502.390015,1466,1500.099976,1995400,1500.099976
1500,1516.844971,1481.640015,1494.48999,1577800,1494.48999
1487.180054,1504.074951,1473.079956,1496.099976,1289300,1496.099976
1492.439941,1510,1478,1480.319946,1454400,1480.319946
1485.579956,1512.385986,1485.25,1506.619995,1437000,1506.619995
1510.339966,1537.25,1508.005005,1518.449951,1455200,1518.449951
1515.660034,1521.900024,1502.880005,1507.72998,1354800,1507.72998
1514.670044,1525.609985,1507.969971,1517.97998,1378300,1517.97998
1526.180054,1562.469971,1523.709961,1558.599976,2027100,1558.599976
1553.310059,1573.680054,1543.949951,1547.530029,1660600,1547.530029
1543.449951,1585.869995,1538.199951,1581.75,1706900,1581.75
1577.030029,1597.719971,1568.005005,1580.420044,1446500,1580.420044
1593.97998,1614.170044,1580.569946,1588.199951,1409900,1588.199951
1582.069946,1611.619995,1582.069946,1608.219971,2247100,1608.219971
1608,1659.219971,1603.599976,1652.380005,3993400,1652.380005
1653.680054,1655,1625.75,1634.329956,1861600,1634.329956
1633.48999,1647.170044,1630.75,1644.410034,1499000,1644.410034
1647.890015,1647.964966,1630.310059,1634.180054,1823400,1634.180054
1636.630005,1665.72998,1632.219971,1660.709961,1825300,1660.709961
1673.775024,1733.180054,1666.329956,1728.280029,2511200,1728.280029
1709.713989,1709.713989,1615.060059,1641.839966,3107800,1641.839966
1624.26001,1645.109985,1547.613037,1591.040039,2608600,1591.040039
1533.51001,1563.86499,1528.01001,1532.390015,2610900,1532.390015
1557.530029,1569,1536.051025,1556.959961,1774700,1556.959961
1560.640015,1584.081055,1525.805054,1532.02002,1618600,1532.02002
1536,1575.199951,1497.359985,1520.719971,1597100,1520.719971
1539.005005,1564,1515.73999,1519.280029,1696600,1519.280029
1536,1559.569946,1531.834961,1541.439941,1331100,1541.439941
1555.540039,1562,1519.819946,1520.900024,1311700,1520.900024
1496,1508.297974,1470,1495.530029,1879800,1495.530029
1498.01001,1503.003052,1437.130005,1459.98999,3103900,1459.98999
1440.060059,1448.359985,1406.550049,1431.160034,2888800,1431.160034
1450.089966,1469.52002,1434.530029,1465.459961,1583200,1465.459961
1458.780029,1460.959961,1407.699951,1415.209961,1657400,1415.209961
1411.030029,1443.708984,1409.849976,1428.290039,1450200,1428.290039
1432.630005,1450,1413.339966,1444.959961,1323000,1444.959961
1474.209961,1476.800049,1449.301025,1464.52002,2007900,1464.52002
1470.390015,1476.662964,1458.805054,1469.329956,978200,1469.329956
1466.800049,1489.75,1459.880005,1469.599976,1701600,1469.599976
1484.27002,1499.040039,1479.209961,1490.089966,1779500,1490.089966
1462.030029,1483.199951,1450.920044,1458.420044,1284100,1458.420044
1466.209961,1488.209961,1464.27002,1486.02002,1113300,1486.02002
1475.579956,1486.76001,1448.589966,1453.439941,1245400,1453.439941
1464.290039,1468.959961,1436,1460.290039,1746200,1460.290039
1465.089966,1490,1465.089966,1485.930054,1187800,1485.930054
1494.699951,1516.52002,1489.449951,1515.219971,1435300,1515.219971
1543,1593.859985,1532.569946,1569.150024,2482600,1569.150024
1583.72998,1590,1563.199951,1571.680054,1601000,1571.680054
1578.589966,1587.68396,1550.530029,1568.079956,1929300,1568.079956
1547.150024,1575.10498,1545.030029,1559.130005,1540000,1559.130005
1565.849976,1581.130005,1563,1573.01001,1434700,1573.01001
1580.459961,1588.150024,1528,1534.609985,1607100,1534.609985
1527.050049,1577.5,1525.670044,1555.930054,2241700,1555.930054
1573.329956,1618.72998,1571.630005,1593.310059,2568300,1593.310059
1593.050049,1621.98999,1585,1615.329956,1433600,1615.329956
1626.069946,1642.359985,1620.51001,1641,1375800,1641
1625.01001,1638.23999,1576.5,1590.449951,1853300,1590.449951
1595.670044,1606.844971,1582.780029,1604.26001,1229000,1604.26001
1559.73999,1561.349976,1514.619995,1516.619995,1834000,1516.619995
1522.359985,1593.709961,1522.23999,1567.23999,2003100,1567.23999
1672.109985,1687,1604.459961,1621.01001,4329100,1621.01001
1628.160034,1660.77002,1616.030029,1626.030029,2535400,1626.030029
1631.780029,1661.699951,1616.619995,1650.209961,1661700,1650.209961
1710.280029,1771.36499,1706.030029,1749.130005,3570900,1749.130005
1781,1793.640015,1750.51001,1763.369995,2065800,1763.369995
1753.949951,1772.430054,1740.349976,1761.75,1660900,1761.75
1790.900024,1818.060059,1760.02002,1763,2268300,1763
1731.089966,1763,1717.300049,1740.390015,2636100,1740.390015
1750,1764.219971,1747.36499,1752.709961,1264000,1752.709961
1747.630005,1768.27002,1745.599976,1749.839966,1247500,1749.839966
1757.630005,1781.040039,1744.550049,1777.02002,1499900,1777.02002
1771.699951,1799.069946,1767.689941,1781.380005,1246800,1781.380005
1776.939941,1785,1767,1770.150024,1147100,1770.150024
1765.22998,1773.469971,1746.140015,1746.780029,1173500,1746.780029
1738.380005,1769.589966,1737.005005,1763.920044,1249900,1763.920044
1765.209961,1774,1741.859985,1742.189941,2313500,1742.189941
1749.599976,1753.900024,1717.719971,1734.859985,2161600,1734.859985
1730.5,1771.599976,1727.689941,1768.880005,1578000,1768.880005
1772.890015,1778.540039,1756.540039,1771.430054,1045800,1771.430054
1773.089966,1804,1772.439941,1793.189941,884900,1793.189941
1781.18396,1788.064941,1755,1760.73999,1823800,1760.73999
1774.369995,1824.829956,1769.369995,1798.099976,1736900,1798.099976
1798.099976,1835.650024,1789.473022,1827.949951,1222000,1827.949951
1824.01001,1847.199951,1822.650024,1826.77002,1227300,1826.77002
1824.52002,1833.160034,1816.98999,1827.98999,1378200,1827.98999
1819,1832.369995,1805.780029,1819.47998,1320900,1819.47998
1810.099976,1821.900024,1796.204956,1818.550049,1096300,1818.550049
1812.01001,1834.27002,1767.810059,1784.130005,1507600,1784.130005
1769.800049,1781.310059,1740.319946,1775.329956,1362800,1775.329956
1763.060059,1784.449951,1760,1781.77002,1220700,1781.77002
1775,1797.390015,1757.214966,1760.060059,1600200,1760.060059
1764.420044,1771.420044,1749.949951,1767.77002,1482300,1767.77002
1772.880005,1773,1756.079956,1763,1513500,1763
1768.51001,1771.784058,1738.660034,1747.900024,1624700,1747.900024
1754.180054,1755.109985,1720.219971,1731.01001,4016400,1731.01001
1713.51001,1740.849976,1699,1739.369995,1828400,1739.369995
1734.430054,1737.405029,1712.574951,1723.5,936700,1723.5
1728.109985,1747.98999,1725.040039,1732.380005,1033800,1732.380005
1735,1746,1729.109985,1738.849976,346800,1738.849976
1751.63501,1790.728027,1746.334961,1776.089966,1393000,1776.089966
1787.790039,1792.439941,1756.089966,1758.719971,1299400,1758.719971
1762.01001,1765.094971,1725.599976,1739.52002,1306100,1739.52002
1735.420044,1758.930054,1735.420044,1751.880005,1011900,1751.880005
1757.540039,1760.650024,1707.849976,1728.23999,1901900,1728.23999
1725,1747.670044,1718.015015,1740.920044,1145300,1740.920044
1702.630005,1748,1699,1735.290039,2602100,1735.290039
1740.060059,1788.400024,1737.050049,1787.25,2265000,1787.25
1787.97998,1809.839966,1773.535034,1807.209961,2050600,1807.209961
1786.069946,1794.314941,1760.52002,1766.719971,1209700,1766.719971
1753.920044,1778.040039,1725.310059,1746.550049,1357000,1746.550049
1738.579956,1765.035034,1738.01001,1754.400024,1094100,1754.400024
1753.619995,1775.01001,1733.400024,1740.180054,1179500,1740.180054
1738.189941,1756,1721.550049,1736.189941,1342200,1736.189941
1752.25,1809.275024,1741.459961,1790.859985,1734600,1790.859985
1831.459961,1903.709961,1825.530029,1886.900024,2490300,1886.900024
1898,1934.859985,1887.109985,1891.25,2063900,1891.25
1895.680054,1910.949951,1881.76001,1901.050049,1272100,1901.050049
1920.670044,1929.579956,1867.530029,1899.400024,1927300,1899.400024
1888.839966,1925,1884.244995,1917.23999,1313100,1917.23999
1882.530029,1890,1809,1830.790039,2748300,1830.790039
1843.939941,1898.829956,1842.640015,1863.109985,1773100,1863.109985
1846.170044,1857.280029,1810.199951,1835.73999,1612600,1835.73999
1853.569946,1922.391968,1850.930054,1901.349976,1602200,1901.349976
1922.560059,1955.76001,1914.48999,1927.51001,2273700,1927.51001
2073,2116.5,2018.380005,2070.070068,4118200,2070.070068
2068.889893,2078.550049,2042.589966,2062.370117,1852300,2062.370117
2070,2102.51001,2059.330078,2098,1535100,2098
2105.909912,2123.547119,2072,2092.909912,1241900,2092.909912
2078.540039,2105.129883,2078.540039,2083.51001,889900,2083.51001
2094.209961,2108.370117,2063.090088,2095.379883,1135500,2095.379883
2099.51001,2102.030029,2077.320068,2095.889893,945700,2095.889893
2090.25,2108.820068,2083.129883,2104.110107,855700,2104.110107
2104.360107,2152.679932,2104.360107,2121.899902,1133800,2121.899902
2100,2133.659912,2098.919922,2128.310059,1070900,2128.310059
2110.389893,2132.735107,2103.709961,2117.199951,1121600,2117.199951
2119.27002,2130.530029,2097.409912,2101.139893,1457400,2101.139893
2067,2091.419922,2062.139893,2064.879883,1367500,2064.879883
2025.01001,2082.01001,2002.02002,2070.860107,1667400,2070.860107
2041.829956,2100.780029,2038.130005,2095.169922,1248300,2095.169922
2067.449951,2094.879883,2021.290039,2031.359985,1828400,2031.359985
2050.52002,2071.01001,2016.060059,2036.859985,2083500,2036.859985
2056.52002,2086.52002,2046.099976,2081.51001,1404500,2081.51001
2076.189941,2104.370117,2071.26001,2075.840088,1134600,2075.840088
2067.209961,2088.518066,2010,2026.709961,1484200,2026.709961
2023.369995,2089.23999,2020.27002,2049.090088,2118000,2049.090088
2073.120117,2118.110107,2046.415039,2108.540039,2195200,2108.540039
2101.129883,2128.810059,2021.609985,2024.170044,1647400,2024.170044
2070,2078.040039,2047.829956,2052.699951,1697300,2052.699951
2071.76001,2075,2033.369995,2055.030029,1268600,2055.030029
2074.060059,2125.699951,2072.379883,2114.77002,1239100,2114.77002
2085,2090.26001,2047.550049,2061.919922,1725800,2061.919922
2062.300049,2067.060059,2043.51001,2066.48999,1298100,2066.48999
2078.98999,2123.560059,2070,2092.52002,1491600,2092.52002
2076.030029,2109.780029,2054,2091.080078,1299000,2091.080078
2061,2075.5,2033.550049,2036.219971,1361400,2036.219971
2042.050049,2053.100098,2017.680054,2043.199951,2314900,2043.199951
2041.839966,2057.98999,2026.069946,2038.589966,1954800,2038.589966
2051.699951,2072.302002,2039.219971,2052.959961,1367000,2052.959961
2065.370117,2078.209961,2041.555054,2045.060059,1154000,2045.060059
2044.810059,2058.870117,2010.72998,2044.359985,1418900,2044.359985
2038.859985,2050.98999,2014.02002,2035.550049,1493500,2035.550049
2027.880005,2058.429932,2015.619995,2055.949951,1229800,2055.949951
2057.629883,2070.780029,2044.030029,2055.540039,1036600,2055.540039
2059.120117,2093.326904,2056.745117,2068.629883,1459900,2068.629883
2097.949951,2142.939941,2096.889893,2137.75,1699000,2137.75
2152.939941,2237.310059,2151.620117,2225.550049,2164900,2225.550049
2222.5,2237.659912,2214.800049,2224.75,1353000,2224.75
2226.129883,2255,2225.330078,2249.679932,1289900,2249.679932
2277.959961,2284.004883,2257.679932,2265.439941,1358300,2265.439941
2256.699951,2289.040039,2253.714111,2285.879883,1044400,2285.879883
2266.25,2275.320068,2238.465088,2254.790039,1565900,2254.790039
2261.469971,2277.209961,2256.090088,2267.27002,1165500,2267.27002
2275.159912,2277.98999,2249.189941,2254.840088,1011000,2254.840088
2276.97998,2306.596924,2266,2296.659912,1373600,2296.659912
2303,2306.439941,2284.449951,2297.76001,1129800,2297.76001
2291.97998,2318.449951,2287.844971,2302.399902,1234400,2302.399902
2307.889893,2309.600098,2271.709961,2293.629883,1088700,2293.629883
2285.25,2295.320068,2258.570068,2293.290039,1196500,2293.290039
2293.22998,2303.761963,2256.449951,2267.919922,1054800,2267.919922
2283.469971,2325.820068,2278.209961,2315.300049,1433500,2315.300049
2319.929932,2341.26001,2313.840088,2326.73999,1041700,2326.73999
2336,2337.449951,2304.27002,2307.120117,1598600,2307.120117
2407.14502,2452.37793,2374.850098,2379.909912,2986400,2379.909912
2410.330078,2436.52002,2402.280029,2429.889893,1977700,2429.889893
2404.48999,2427.139893,2402.159912,2410.120117,1957100,2410.120117
2402.719971,2419.699951,2384.5,2395.169922,1689400,2395.169922
2369.73999,2379.26001,2311.699951,2354.25,1756000,2354.25
2368.419922,2382.199951,2351.409912,2356.73999,1090300,2356.73999
2350.639893,2382.709961,2342.337891,2381.350098,1030900,2381.350098
2400,2416.409912,2390,2398.689941,1163600,2398.689941
2374.889893,2378,2334.72998,2341.659912,1300300,2341.659912
2291.860107,2322,2283,2308.76001,1605500,2308.76001
2261.709961,2285.370117,2230.050049,2239.080078,1746700,2239.080078
2261.090088,2276.601074,2242.719971,2261.969971,1333500,2261.969971
2291.830078,2321.139893,2283.320068,2316.159912,1331200,2316.159912
2309.320068,2323.340088,2295,2321.409912,992100,2321.409912
2336.906006,2343.149902,2303.159912,2303.429932,865100,2303.429932
2264.399902,2316.76001,2263.52002,2308.709961,967500,2308.709961
2328.040039,2360.340088,2321.090088,2356.090088,1191600,2356.090088
2365.98999,2369,2342.370117,2345.100098,1141600,2345.100098
2367,2418.47998,2360.110107,2406.669922,1062200,2406.669922
2420,2432.889893,2402.98999,2409.070068,941900,2409.070068
2412.834961,2442.944092,2412.514893,2433.530029,1092800,2433.530029
2436.939941,2440,2402,2402.51001,1948100,2402.51001
2421.959961,2428.139893,2407.689941,2411.560059,1205400,2411.560059
2422,2437.970947,2404.879883,2429.810059,958300,2429.810059
2435.310059,2442,2404.199951,2421.280029,857900,2421.280029
2395.02002,2409.745117,2382.830078,2404.610107,917300,2404.610107
2422.52002,2453.858887,2417.77002,2451.76001,1297400,2451.76001
2451.320068,2468,2441.072998,2466.090088,1192500,2466.090088
2479.899902,2494.495117,2468.23999,2482.850098,1253000,2482.850098
2499.5,2505,2487.330078,2491.399902,1006300,2491.399902
2494.01001,2523.26001,2494,2521.600098,1561700,2521.600098
2524.919922,2526.98999,2498.290039,2513.929932,1262000,2513.929932
2513.389893,2528.22998,2500.939941,2527.040039,1127500,2527.040039
2530.439941,2537.23999,2512.969971,2520.659912,1109100,2520.659912
2524.949951,2530.469971,2482.999023,2513.929932,1315800,2513.929932
2510.459961,2543.929932,2510.300049,2527.419922,1287800,2527.419922
2514.110107,2527.780029,2492.060059,2511.350098,2665300,2511.350098
2514.800049,2540.735107,2502.685059,2529.100098,1312800,2529.100098
2529,2545.399902,2520.530029,2539.98999,1049200,2539.98999
2531,2555.919922,2525.040039,2529.22998,984700,2529.22998
2541.070068,2550.709961,2539.199951,2545.639893,946700,2545.639893
2539.139893,2550.100098,2528.879883,2539.899902,1674200,2539.899902
2540,2546.73999,2519.476074,2536.389893,1405500,2536.389893
2535.449951,2540,2508.73999,2520.370117,1047500,2520.370117
2513.071045,2516,2495.149902,2506.320068,1200300,2506.320068
2496.995117,2529.25,2496.995117,2527.370117,856000,2527.370117
2536.790039,2576.959961,2535.379883,2574.379883,1058000,2574.379883
2588.98999,2597.689941,2568.179932,2595.419922,1067500,2595.419922
2606.820068,2612.798096,2595.199951,2601.550049,834000,2601.550049
2565,2600.649902,2560.800049,2583.540039,989000,2583.540039
2578.889893,2596.98999,2578.870117,2591.48999,755300,2591.48999
2596.669922,2615.399902,2592,2611.280029,847200,2611.280029
2617.629883,2640.840088,2612.73999,2619.889893,830900,2619.889893
2638.030029,2659.919922,2637.959961,2641.649902,895600,2641.649902
2650,2651.899902,2611.959961,2625.330078,829300,2625.330078
2632.820068,2643.659912,2616.429932,2636.909912,742800,2636.909912
2623.110107,2624.939941,2570.73999,2585.080078,1285500,2585.080078
2600.080078,2640.0271,2583.768066,2622.030029,954200,2622.030029
2615.73999,2652.344971,2612.030029,2652.01001,737100,2652.01001
2653,2670.090088,2648,2666.570068,680400,2666.570068
2705.199951,2776.169922,2694.01001,2756.320068,1318900,2756.320068
2765,2794.26001,2753.02002,2792.889893,1152600,2792.889893
2800.219971,2800.219971,2702,2735.929932,2108200,2735.929932
2771.23999,2793.52002,2727,2727.629883,2734400,2727.629883
2727.612061,2743.030029,2722.76001,2730.810059,964200,2730.810059
2710.219971,2715.427002,2696.283936,2704.419922,1197700,2704.419922
2709.689941,2720.409912,2693.389893,2719.790039,1007000,2719.790039
2720,2726.709961,2683.669922,2725.600098,953200,2725.600098
2724.98999,2730.76001,2708.300049,2720.570068,826400,2720.570068
2720.570068,2739,2712,2738.800049,593300,2738.800049
2725.899902,2741.601074,2720.929932,2740.719971,678000,2740.719971
2738.97998,2766.429932,2728.574951,2760.040039,618700,2760.040039
2761.590088,2771.030029,2744.530029,2761.929932,801700,2761.929932
2765.659912,2776.955078,2747,2753.790039,760200,2753.790039
2754.26001,2768.360107,2735.580078,2767.790039,732300,2767.790039
2767.149902,2773.47998,2760.100098,2768.120117,629000,2768.120117
2760,2779.810059,2723.314941,2778.320068,902000,2778.320068
2763.820068,2774.370117,2735.75,2746.01001,1063600,2746.01001
2742.310059,2765.879883,2728.419922,2731.399902,746700,2731.399902
2709.350098,2749.040039,2707.120117,2738.27002,914800,2738.27002
2741.659912,2772.290039,2729.340088,2768.73999,778200,2768.73999
2779.969971,2843.540039,2774.958984,2821.98999,1054500,2821.98999
2830.870117,2860.149902,2827.070068,2847.969971,756300,2847.969971
2857.659912,2866.26001,2848.790039,2859,641900,2859
2852.370117,2862.696045,2841.830078,2842.459961,746100,2842.459961
2842.25,2900.219971,2840.399902,2891.01001,1228100,2891.01001
2894.090088,2929.790039,2892,2909.389893,845800,2909.389893
2917.689941,2922.23999,2900,2909.23999,1337800,2909.23999
2913,2936.409912,2912.290039,2916.840088,791200,2916.840088
2918.98999,2926.5,2882.129883,2884.379883,1092200,2884.379883
2882.919922,2907.540039,2870.100098,2895.5,955200,2895.5
2894.98999,2916.47998,2890.820068,2910.379883,758500,2910.379883
2907.870117,2911.02002,2884,2897.669922,774300,2897.669922
2897.669922,2913.389893,2888.679932,2898.27002,739900,2898.27002
2908.870117,2920.379883,2834.830078,2838.419922,1644800,2838.419922
2864.02002,2883.820068,2845.649902,2869.300049,1008800,2869.300049
2883.219971,2894.550049,2858.110107,2868.120117,945800,2868.120117
2875.179932,2911.629883,2845.120117,2904.120117,1032400,2904.120117
2902.419922,2904,2868.326904,2887.469971,1014600,2887.469971
2875.969971,2884.98999,2821.22998,2829.27002,3002000,2829.27002
2780.003906,2787.25,2741.060059,2780.340088,1745900,2780.340088
2802.340088,2816.231934,2778.110107,2792.929932,906500,2792.929932
2801.01001,2831.669922,2789.435059,2818.77002,1103400,2818.77002
2832.189941,2845.049072,2821.929932,2836.530029,863600,2836.530029
2818.919922,2858.070068,2817.01001,2852.659912,747500,2852.659912
2831.709961,2850,2810,2830.02002,942200,2830.02002
2781.77002,2792.129883,2714,2723.679932,2109500,2723.679932
2742.194092,2747.969971,2685,2690.419922,1316900,2690.419922
2686.5,2711.800049,2660,2665.310059,1764700,2665.310059
2671.090088,2741.419922,2667.550049,2729.25,1419400,2729.25
2713.98999,2714,2623.330078,2675.300049,1576500,2675.300049
2680,2747.23999,2680,2723.540039,1206300,2723.540039
2692.51001,2757.040039,2689.72998,2747.080078,988200,2747.080078
2777.26001,2803.089111,2771.26001,2783.709961,912500,2783.709961
2798.120117,2806.340088,2788.586914,2801.120117,946200,2801.120117
2796,2815.272949,2776.129883,2776.949951,829200,2776.949951
2792.75,2793.899902,2725,2734.26001,1126800,2734.26001
2755,2771,2739.530029,2758,819000,2758
2799.040039,2833.030029,2786.780029,2828.23999,1071300,2828.23999
2844,2844,2821.290039,2833.5,1062500,2833.5
2824.27002,2859.975098,2824.27002,2859.209961,828200,2859.209961
2865.830078,2882.139893,2861.919922,2876.439941,765800,2876.439941
2884.449951,2884.955078,2838.23999,2848.300049,897000,2848.300049
2843.840088,2856.98999,2832.73999,2855.610107,742500,2855.610107
2807.02002,2831.169922,2743.409912,2772.5,1509100,2772.5
2776.209961,2784.115967,2734.969971,2775.459961,1054100,2775.459961
2812.120117,2816.790039,2780.110107,2793.439941,1412900,2793.439941
2798.050049,2982.360107,2798.050049,2928.550049,2592500,2928.550049
2945.97998,2948.48999,2895.27002,2922.580078,1620900,2922.580078
2910.399902,2972.26001,2903.330078,2965.409912,1447700,2965.409912
2963.300049,2967.98999,2871.590088,2875.47998,1613600,2875.47998
2896.187988,2938.409912,2892.820068,2917.26001,1057500,2917.26001
2925.5,2938.209961,2901.070068,2935.800049,894300,2935.800049
2944,2999,2932.699951,2973.659912,1235000,2973.659912
2987.070068,3011.415039,2973.040039,2984.820068,1020400,2984.820068
3000,3020.689941,2982.399902,2987.030029,919400,2987.030029
2994.919922,3007.570068,2950.139893,2984.969971,843800,2984.969971
2960.195068,2974,2906.5,2932.52002,1135400,2932.52002
2942.139893,2970.044922,2933.889893,2934.959961,623200,2934.959961
2956.629883,2997.189941,2929.080078,2992.909912,852400,2992.909912
3000,3009.540039,2973.050049,2987.76001,812400,2987.76001
2983.409912,2996.649902,2967,2981.52002,862700,2981.52002
2984.580078,2992.52002,2971.26001,2981.23999,764500,2981.23999
2982.919922,3032.199951,2979.969971,3014.179932,1332900,3014.179932
3020,3037,2997.75,2999.050049,988300,2999.050049
3002.834961,3014.889893,2940.110107,2941.570068,1230400,2941.570068
2942.26001,2953.879883,2897.790039,2935.139893,906300,2935.139893
2927,2940,2903.97998,2934.350098,823200,2934.350098
2900.310059,2905.939941,2849.709961,2856.120117,849600,2856.120117
2885.969971,2937.23999,2885.969971,2922.280029,1313800,2922.280029
2909.004883,2932.570068,2841.320068,2849.040039,2079500,2849.040039
2884.25,2929.98291,2830,2832.360107,1423800,2832.360107
2836.47998,2893.5,2819.639893,2875.530029,1062500,2875.530029
2889.909912,2904.26001,2823,2850.409912,1334400,2850.409912
2871.47998,2887.030029,2812.939941,2875.929932,1109900,2875.929932
2919,2966,2914.050049,2960.72998,1162900,2960.72998
2966.629883,2983.129883,2944,2974.409912,948200,2974.409912
2963.52002,2992.100098,2950.580078,2962.120117,929000,2962.120117
2982,2988,2947.149902,2973.5,1081700,2973.5
2968.879883,2971.25,2927.199951,2934.090088,1205200,2934.090088
2895.399902,2908.840088,2844.850098,2899.409912,1238900,2899.409912
2887.320068,2950.344971,2854.110107,2947.370117,1364000,2947.370117
2961.540039,2971.030029,2881.850098,2896.77002,1370000,2896.77002
2854.290039,2889.201904,2835.76001,2856.060059,2170200,2856.060059
2813.592041,2852.209961,2805,2848.030029,1013200,2848.030029
2863,2893.841064,2834.699951,2884.409912,977400,2884.409912
2882,2946.060059,2879.26001,2938.97998,921900,2938.97998
2941.790039,2971.451904,2939.01709,2942.850098,690900,2942.850098
2949.27002,2968.530029,2945,2961.280029,662800,2961.280029
2967.48999,2967.48999,2918.709961,2928.959961,931200,2928.959961
2928.590088,2943.675049,2910.090088,2930.090088,851100,2930.090088
2929,2941.25,2915.169922,2920.050049,648900,2920.050049
2910.879883,2927.300049,2893.550049,2893.590088,864900,2893.590088
2889.51001,2911,2870.050049,2901.48999,1260700,2901.48999
2911.01001,2932.199951,2876.322998,2888.330078,1146400,2888.330078
2883.620117,2885.959961,2750.469971,2753.070068,2482100,2753.070068
2749.949951,2793.719971,2735.27002,2751.02002,1452500,2751.02002
2758.100098,2765.094971,2715.780029,2740.090088,970400,2740.090088
2701.97998,2772.800049,2662.810059,2771.47998,1704800,2771.47998
2763.610107,2806.590088,2736.27002,2800.350098,1175100,2800.350098
2831.090088,2856.284912,2822.23999,2832.959961,1182100,2832.959961
2836.810059,2863.709961,2778.280029,2782.620117,1328300,2782.620117
2750,2824.01001,2750,2795.72998,1191300,2795.72998
2732,2747.830078,2712.340088,2725.810059,1369100,2725.810059
2738.77002,2767.98999,2710,2713.040039,1039800,2713.040039
2730.280029,2758.23999,2662.889893,2670.129883,1096500,2670.129883
2660.23999,2695.209961,2600.02002,2601.840088,2096000,2601.840088
2520.550049,2615.570068,2492.839111,2607.439941,2757400,2607.439941
2568.709961,2586.77002,2527.560059,2534.709961,1800400,2534.709961
2611.850098,2656.149902,2543.070068,2584.800049,1981500,2584.800049
2627.219971,2652.198975,2578.899902,2582.419922,1512400,2582.419922
2600,2667.409912,2573.889893,2665.790039,1525900,2665.790039
2683.959961,2716.870117,2645.47998,2713.969971,1702800,2713.969971
2756.699951,2764,2691.36499,2757.570068,2560200,2757.570068
3037.27002,3042,2911.149902,2960.72998,4487500,2960.72998
2905.899902,2982.354004,2844.100098,2853.01001,2846500,2853.01001
2860.340088,2890.705078,2796.350098,2860.320068,2461200,2860.320068
2874.179932,2876.929932,2773.97998,2778.76001,2230500,2778.76001
2779.824951,2796.741943,2737.459961,2784.26001,1712800,2784.26001
2816.995117,2843.51001,2807.540039,2829.060059,1431400,2829.060059
2790,2828.620117,2761,2772.050049,1650900,2772.050049
2775,2785.665039,2665.77002,2682.600098,1940400,2682.600098
2667.310059,2723.330078,2666.040039,2706,1339600,2706
2749.429932,2758,2710.790039,2728.51001,1328900,2728.51001
2728.610107,2758.919922,2696.4729,2749.75,1280500,2749.75
2723,2736.790039,2644.040039,2646.169922,1548400,2646.169922
2660.75,2676.47998,2606.141113,2609.350098,1592900,2609.350098
2599.699951,2638.014893,2554.820068,2588.050049,1945300,2588.050049
2621.570068,2634.97998,2550.070068,2551.699951,1321600,2551.699951
2500,2660.73999,2495.290039,2653.469971,2158300,2653.469971
2670.51001,2707.780029,2635.300049,2690.389893,1311800,2690.389893
2665.689941,2712.810059,2656.504883,2697.820068,1483800,2697.820068
2689.600098,2722.219971,2667.570068,2683.360107,1232000,2683.360107
2692.165039,2712.310059,2668.649902,2695.030029,1198300,2695.030029
2719.570068,2734.275879,2668.620117,2686.159912,989000,2686.159912
2667.649902,2683.97998,2608.169922,2642.439941,1222300,2642.439941
2638.080078,2638.080078,2528.199951,2529.290039,1958900,2529.290039
2525.01001,2624.929932,2517.215088,2545.570068,1762500,2545.570068
2628,2683.969971,2601.76001,2677.320068,1612900,2677.320068
2629.25,2670.77002,2628.02002,2653.639893,1213300,2653.639893
2679.98999,2684,2605.929932,2609.51001,1330000,2609.51001
2611.459961,2620.52002,2528.26001,2534.820068,1512700,2534.820068
2554.830078,2610.344971,2531.360107,2593.209961,1514600,2593.209961
2620,2675.419922,2584.02002,2673.810059,1602900,2673.810059
2666.419922,2694.790039,2654.379883,2692.01001,1199700,2692.01001
2677.679932,2738.27002,2658.639893,2736.030029,2295000,2736.030029
2736.949951,2751.649902,2692.22998,2729.570068,1331600,2729.570068
2730,2830,2730,2805.550049,1488800,2805.550049
2782.77002,2800.5,2763.330078,2770.070068,1265100,2770.070068
2785.449951,2827.929932,2760.788086,2826.23999,1027200,2826.23999
2835.080078,2839.189941,2793.98999,2830.429932,963500,2830.429932
2813.689941,2839.530029,2796.562988,2839,1188700,2839
2863.209961,2883.25,2849.679932,2865,1433900,2865
2857.399902,2869.610107,2843.360107,2852.889893,1052300,2852.889893
2848.969971,2852.889893,2792.379883,2792.98999,1475800,2792.98999
2800.199951,2819,2775.939941,2814,1174000,2814
2816.48999,2880.875,2816.48999,2872.850098,953800,2872.850098
2867.98999,2871.800049,2818.870117,2821.26001,962800,2821.26001
2783.22998,2796.969971,2728.362061,2743.52002,1178700,2743.52002
2732.360107,2754.030029,2697.14502,2729.300049,972400,2729.300049
2725,2725,2675.050049,2680.209961,821700,2680.209961
2658,2658.783936,2592.350098,2595.929932,1209400,2595.929932
2648.469971,2648.469971,2551.52002,2567.48999,1150200,2567.48999
2572.530029,2613.11499,2568.771973,2605.719971,977100,2605.719971
2612.98999,2614.205078,2542.22998,2545.060059,1174200,2545.060059
2548.199951,2574.23999,2531.569092,2559.219971,745900,2559.219971
2561.540039,2618.074951,2549.030029,2610.620117,1136000,2610.620117
2625.679932,2638.469971,2557.881104,2564.909912,1130500,2564.909912
2587,2606.149902,2493,2498.75,1507900,2498.75
2500,2509.040039,2382.810059,2392.280029,2320500,2392.280029
2388.590088,2465.560059,2375.38501,2465,1726100,2465
2455,2455,2383.237061,2390.120117,2469700,2390.120117
2287.459961,2350,2262.485107,2300.409912,3111900,2300.409912
2342.300049,2408.77002,2302.87793,2388.22998,1839500,2388.22998
2351.560059,2379.199951,2293.879883,2299.330078,1684700,2299.330078
2278.129883,2346.790039,2267.98999,2343.139893,1514000,2343.139893
2335.300049,2386,2332.540039,2362.590088,1060800,2362.590088
2360.070068,2462.860107,2314.77002,2451.5,1661600,2451.5
2404.409912,2424.665039,2303.649902,2334.929932,2154500,2334.929932
2310.379883,2349.969971,2282.860107,2313.199951,1765500,2313.199951
2266.070068,2311.258057,2251.030029,2261.679932,1726000,2261.679932
2320.810059,2333.820068,2267.666016,2291.689941,1557900,2291.689941
2274.209961,2333.419922,2273,2279.219971,1825100,2279.219971
2238.76001,2297.129883,2202.27002,2263.219971,2073200,2263.219971
2296.909912,2361.699951,2280,2330.310059,1486900,2330.310059
2307.679932,2332.149902,2286.699951,2295.850098,1164100,2295.850098
2344.550049,2344.550049,2306.75,2334.030029,1078800,2334.030029
2304.75,2313.913086,2242.840088,2248.02002,1399100,2248.02002
2236.820068,2271.75,2209.360107,2214.909912,1459600,2214.909912
2241.709961,2251,2127.459961,2186.26001,1879300,2186.26001
2202.080078,2240.110107,2183.084961,2233.330078,1577900,2233.330078
2127.550049,2127.899902,2044.160034,2118.52002,3019300,2118.52002
2102.840088,2130.894043,2084.225098,2116.790039,1895000,2116.790039
2121.01001,2179.10498,2109.76001,2165.919922,1514400,2165.919922
2195.77002,2257.360107,2191,2255.97998,1496200,2255.97998
2261.580078,2328.669922,2251.449951,2280.780029,2565100,2280.780029
2298.629883,2347.97998,2271.01001,2282.73999,1431500,2282.73999
2283.76001,2357.959961,2266.159912,2354.919922,1373600,2354.919922
2319.850098,2327.290039,2273.360107,2291.280029,1252600,2291.280029
2334.850098,2387.969971,2330.565918,2340.209961,1189300,2340.209961
2312.959961,2354.9729,2302.51001,2344.590088,1320700,2344.590088
2337.530029,2372.919922,2333.935059,2344.76001,1127200,2344.76001
2326.830078,2367,2297.340088,2298.360107,1157100,2298.360107
2255.625,2269.939941,2217.219971,2228.550049,1566200,2228.550049
2148.919922,2184.370117,2131.760986,2137.530029,1837800,2137.530029
2137.800049,2169.149902,2127.040039,2143.879883,1274000,2143.879883
2177.98999,2241.26001,2162.375,2207.810059,1659600,2207.810059
2162.98999,2185.810059,2115.850098,2132.719971,1765700,2132.719971
2130.699951,2184.98999,2112.571045,2157.310059,2163500,2157.310059
